Reflector,t0_ms,Vnmo_m_s,Vint_m_s,Thickness_m,Depth_m
1,,1950.703816929826,1950.703816929826,,
2,17.15622394691581,1904.5682217857852,,,
3,34.29824263091438,1823.4933764206937,1738.5699887550738,29.814947652573807,29.814947652573807
4,48.00009598528188,1500.0421873783266,,,
5,80.14535984710837,2243.135248696358,3030.693534498262,69.47428086125154,99.28922851382535
